<?xml version="1.0" encoding="UTF-8"?>
<config xmlns="http://www.knime.org/2008/09/XMLConfig" xmlns:xsi="http://www.w3.org/2001/XMLSchema-instance" xsi:schemaLocation="http://www.knime.org/2008/09/XMLConfig http://www.knime.org/XMLConfig_2008_09.xsd" key="model.xml">
    <entry key="version" type="xint" value="1"/>
    <entry key="class_name" type="xstring" value="org.knime.base.data.normalize.NormalizerPortObject"/>
    <config key="model">
        <config key="columns">
            <config key="bill_length_mm">
                <entry key="column_name" type="xstring" value="bill_length_mm"/>
                <entry key="column_scale" type="xdouble" value="0.03636363636363636"/>
                <entry key="column_translate" type="xdouble" value="-1.1672727272727272"/>
                <entry key="column_min" type="xdouble" value="0.0"/>
                <entry key="column_max" type="xdouble" value="1.0"/>
            </config>
            <config key="bill_depth_mm">
                <entry key="column_name" type="xstring" value="bill_depth_mm"/>
                <entry key="column_scale" type="xdouble" value="0.11904761904761904"/>
                <entry key="column_translate" type="xdouble" value="-1.5595238095238093"/>
                <entry key="column_min" type="xdouble" value="0.0"/>
                <entry key="column_max" type="xdouble" value="1.0"/>
            </config>
            <config key="flipper_length_mm">
                <entry key="column_name" type="xstring" value="flipper_length_mm"/>
                <entry key="column_scale" type="xdouble" value="0.01694915254237288"/>
                <entry key="column_translate" type="xdouble" value="-2.9152542372881354"/>
                <entry key="column_min" type="xdouble" value="0.0"/>
                <entry key="column_max" type="xdouble" value="1.0"/>
            </config>
            <config key="body_mass_g">
                <entry key="column_name" type="xstring" value="body_mass_g"/>
                <entry key="column_scale" type="xdouble" value="2.777777777777778E-4"/>
                <entry key="column_translate" type="xdouble" value="-0.75"/>
                <entry key="column_min" type="xdouble" value="0.0"/>
                <entry key="column_max" type="xdouble" value="1.0"/>
            </config>
        </config>
        <entry key="summary" type="xstring" value="Min/Max (0.0, 1) normalization on 4 column(s)"/>
    </config>
</config>
